{"cameraMode":{"drawMode":0,"name":"Shaded","section":"Shading Mode"},"sceneLighting":false,"audioPlay":false,"sceneViewState":{"showFog":true,"showMaterialUpdate":false,"showSkybox":false,"showFlares":true,"showImageEffects":true,"showParticleSystems":true},"in2DMode":false,"pivot":{"x":1.0536744594573975,"y":-2.2417774200439455,"z":-1.827514886856079},"rotation":{"x":-0.1278180480003357,"y":-0.8708541393280029,"z":0.30884844064712527,"w":-0.36040544509887698},"size":5.557894229888916,"orthographic":false}