{"cameraMode":{"drawMode":0,"name":"Shaded","section":"Shading Mode"},"sceneLighting":false,"audioPlay":false,"sceneViewState":{"showFog":true,"showMaterialUpdate":false,"showSkybox":false,"showFlares":true,"showImageEffects":true,"showParticleSystems":true},"in2DMode":false,"pivot":{"x":0.008860945701599121,"y":1.0017086267471314,"z":0.42099714279174807},"rotation":{"x":-0.28964897990226748,"y":0.49105796217918398,"z":-0.17730505764484406,"w":-0.8022023439407349},"size":17.08867835998535,"orthographic":true}