{"cameraMode":{"drawMode":0,"name":"Shaded","section":"Shading Mode"},"sceneLighting":false,"audioPlay":false,"sceneViewState":{"showFog":true,"showMaterialUpdate":false,"showSkybox":false,"showFlares":true,"showImageEffects":true,"showParticleSystems":true},"in2DMode":false,"pivot":{"x":-54.93809127807617,"y":0.6577986478805542,"z":77.42056274414063},"rotation":{"x":-0.1209457591176033,"y":0.8113061785697937,"z":-0.18084485828876496,"w":-0.5426511764526367},"size":3.006023406982422,"orthographic":false}