{"cameraMode":{"drawMode":0,"name":"Shaded","section":"Shading Mode"},"sceneLighting":false,"audioPlay":false,"sceneViewState":{"showFog":true,"showMaterialUpdate":false,"showSkybox":false,"showFlares":true,"showImageEffects":true,"showParticleSystems":true},"in2DMode":false,"pivot":{"x":6.86711311340332,"y":-1.4252945184707642,"z":0.6296308040618897},"rotation":{"x":-0.052879806607961658,"y":-0.7755071520805359,"z":0.06553883850574494,"w":-0.6257017254829407},"size":14.281974792480469,"orthographic":false}