{"cameraMode":{"drawMode":0,"name":"Shaded","section":"Shading Mode"},"sceneLighting":true,"audioPlay":false,"sceneViewState":{"showFog":true,"showMaterialUpdate":false,"showSkybox":true,"showFlares":true,"showImageEffects":true,"showParticleSystems":true},"in2DMode":false,"pivot":{"x":548.1268310546875,"y":548.879638671875,"z":150.0074462890625},"rotation":{"x":0.25058457255363467,"y":0.21309779584407807,"z":-0.056623559445142749,"w":0.9426654577255249},"size":706.3839721679688,"orthographic":false}