{"cameraMode":{"drawMode":0,"name":"Shaded","section":"Shading Mode"},"sceneLighting":false,"audioPlay":false,"sceneViewState":{"showFog":true,"showMaterialUpdate":false,"showSkybox":false,"showFlares":true,"showImageEffects":true,"showParticleSystems":true},"in2DMode":false,"pivot":{"x":-0.17663337290287019,"y":1.2843443155288697,"z":0.16386789083480836},"rotation":{"x":-0.008174619637429715,"y":-0.9915894865989685,"z":0.10180690139532089,"w":-0.07957275211811066},"size":11.809601783752442,"orthographic":false}