{"cameraMode":{"drawMode":0,"name":"Shaded","section":"Shading Mode"},"sceneLighting":false,"audioPlay":false,"sceneViewState":{"showFog":true,"showMaterialUpdate":false,"showSkybox":false,"showFlares":true,"showImageEffects":true,"showParticleSystems":true},"in2DMode":false,"pivot":{"x":-2.1573829650878908,"y":2.338325262069702,"z":96.20697021484375},"rotation":{"x":0.0064730872400105,"y":-0.9934760332107544,"z":0.08546128123998642,"w":0.07526019215583801},"size":18.75069236755371,"orthographic":false}