{"cameraMode":{"drawMode":0,"name":"Shaded","section":"Shading Mode"},"sceneLighting":false,"audioPlay":false,"sceneViewState":{"showFog":true,"showMaterialUpdate":false,"showSkybox":false,"showFlares":true,"showImageEffects":true,"showParticleSystems":true},"in2DMode":false,"pivot":{"x":1.0010602474212647,"y":1.6225981712341309,"z":96.07846069335938},"rotation":{"x":0.2427908033132553,"y":-0.5832231044769287,"z":0.18831093609333039,"w":0.7519617676734924},"size":7.155245780944824,"orthographic":false}