{"cameraMode":{"drawMode":0,"name":"Shaded","section":"Shading Mode"},"sceneLighting":false,"audioPlay":false,"sceneViewState":{"showFog":true,"showMaterialUpdate":false,"showSkybox":false,"showFlares":true,"showImageEffects":true,"showParticleSystems":true},"in2DMode":false,"pivot":{"x":-28.07396125793457,"y":11.926249504089356,"z":108.00340270996094},"rotation":{"x":-0.24999333918094636,"y":-0.6908870935440064,"z":0.2794083058834076,"w":-0.6181504726409912},"size":43.90815734863281,"orthographic":false}