{"cameraMode":{"drawMode":0,"name":"Shaded","section":"Shading Mode"},"sceneLighting":true,"audioPlay":false,"sceneViewState":{"showFog":true,"showMaterialUpdate":false,"showSkybox":true,"showFlares":true,"showImageEffects":true,"showParticleSystems":true},"in2DMode":false,"pivot":{"x":-11.899457931518555,"y":-9.703849792480469,"z":-0.6088485717773438},"rotation":{"x":-0.43040400743484499,"y":0.21488918364048005,"z":-0.1062835082411766,"w":-0.8702208399772644},"size":133.4835205078125,"orthographic":false}