{"cameraMode":{"drawMode":0,"name":"Shaded","section":"Shading Mode"},"sceneLighting":false,"audioPlay":false,"sceneViewState":{"showFog":true,"showMaterialUpdate":true,"showSkybox":false,"showFlares":true,"showImageEffects":true,"showParticleSystems":true},"in2DMode":false,"pivot":{"x":-44.10796356201172,"y":11.253686904907227,"z":151.14718627929688},"rotation":{"x":0.45329052209854128,"y":0.006108816713094711,"z":-0.0033464645966887476,"w":0.8914855718612671},"size":359.08172607421877,"orthographic":false}