{"cameraMode":{"drawMode":0,"name":"Shaded","section":"Shading Mode"},"sceneLighting":true,"audioPlay":false,"sceneViewState":{"showFog":true,"showMaterialUpdate":true,"showSkybox":true,"showFlares":true,"showImageEffects":true,"showParticleSystems":true},"in2DMode":false,"pivot":{"x":-20.91461944580078,"y":-49.92014694213867,"z":104.57240295410156},"rotation":{"x":-0.40924379229545596,"y":0.4948855936527252,"z":-0.2840504050254822,"w":-0.7121784687042236},"size":81.19216918945313,"orthographic":false}