{"cameraMode":{"drawMode":0,"name":"Shaded","section":"Shading Mode"},"sceneLighting":true,"audioPlay":false,"sceneViewState":{"showFog":true,"showMaterialUpdate":true,"showSkybox":true,"showFlares":true,"showImageEffects":true,"showParticleSystems":true},"in2DMode":false,"pivot":{"x":-1.1499996185302735,"y":9.800000190734864,"z":117.19999694824219},"rotation":{"x":0.2037128359079361,"y":-0.19498538970947267,"z":0.04140067100524902,"w":0.9585471153259277},"size":171.92166137695313,"orthographic":true}