{"cameraMode":{"drawMode":0,"name":"Shaded","section":"Shading Mode"},"sceneLighting":true,"audioPlay":false,"sceneViewState":{"showFog":true,"showMaterialUpdate":true,"showSkybox":true,"showFlares":true,"showImageEffects":true,"showParticleSystems":true},"in2DMode":false,"pivot":{"x":-23.30000114440918,"y":6.839998245239258,"z":95.70999145507813},"rotation":{"x":0.3265135586261749,"y":-0.08180316537618637,"z":0.028325943276286126,"w":0.9412527084350586},"size":1520.8486328125,"orthographic":true}