{"cameraMode":{"drawMode":0,"name":"Shaded","section":"Shading Mode"},"sceneLighting":true,"audioPlay":false,"sceneViewState":{"showFog":true,"showMaterialUpdate":true,"showSkybox":true,"showFlares":true,"showImageEffects":true,"showParticleSystems":true},"in2DMode":false,"pivot":{"x":-30.34708023071289,"y":-0.17407894134521485,"z":92.67349243164063},"rotation":{"x":-0.018722262233495714,"y":0.6702160835266113,"z":-0.016419002786278726,"w":-0.7419338822364807},"size":19.943649291992189,"orthographic":false}