{"cameraMode":{"drawMode":0,"name":"Shaded","section":"Shading Mode"},"sceneLighting":true,"audioPlay":false,"sceneViewState":{"showFog":true,"showMaterialUpdate":true,"showSkybox":true,"showFlares":true,"showImageEffects":true,"showParticleSystems":true},"in2DMode":false,"pivot":{"x":10.003447532653809,"y":7.948365211486816,"z":-4.6906232833862309},"rotation":{"x":0.3265135586261749,"y":-0.08180316537618637,"z":0.028325943276286126,"w":0.9412527084350586},"size":32.02299499511719,"orthographic":true}