{"cameraMode":{"drawMode":0,"name":"Shaded","section":"Shading Mode"},"sceneLighting":true,"audioPlay":false,"sceneViewState":{"showFog":true,"showMaterialUpdate":true,"showSkybox":true,"showFlares":true,"showImageEffects":true,"showParticleSystems":true},"in2DMode":false,"pivot":{"x":-28.97663116455078,"y":1.6237378120422364,"z":93.1945571899414},"rotation":{"x":-0.3893335163593292,"y":-0.13304927945137025,"z":0.057041190564632419,"w":-0.9097175002098084},"size":33.175235748291019,"orthographic":true}