{"cameraMode":{"drawMode":0,"name":"Shaded","section":"Shading Mode"},"sceneLighting":true,"audioPlay":false,"sceneViewState":{"showFog":true,"showMaterialUpdate":true,"showSkybox":true,"showFlares":true,"showImageEffects":true,"showParticleSystems":true},"in2DMode":false,"pivot":{"x":-12.980775833129883,"y":15.239554405212403,"z":90.83877563476563},"rotation":{"x":0.06840512901544571,"y":0.7723776698112488,"z":-0.08446063101291657,"w":0.6258327960968018},"size":31.382469177246095,"orthographic":true}