{"cameraMode":{"drawMode":0,"name":"Shaded","section":"Shading Mode"},"sceneLighting":true,"audioPlay":false,"sceneViewState":{"showFog":true,"showMaterialUpdate":false,"showSkybox":false,"showFlares":true,"showImageEffects":true,"showParticleSystems":true},"in2DMode":false,"pivot":{"x":-2.982130527496338,"y":1.1000003814697266,"z":-3.946000576019287},"rotation":{"x":-0.28227004408836367,"y":-0.32398292422294619,"z":0.10196374356746674,"w":-0.8972374200820923},"size":2.8930535316467287,"orthographic":false}