{"cameraMode":{"drawMode":0,"name":"Shaded","section":"Shading Mode"},"sceneLighting":true,"audioPlay":false,"sceneViewState":{"showFog":true,"showMaterialUpdate":false,"showSkybox":true,"showFlares":true,"showImageEffects":true,"showParticleSystems":true},"in2DMode":false,"pivot":{"x":-4.149106025695801,"y":-6.11805534362793,"z":1.1122894287109376},"rotation":{"x":0.2790648341178894,"y":-0.4877820909023285,"z":0.16807129979133607,"w":0.809959888458252},"size":25.040340423583986,"orthographic":false}