{"cameraMode":{"drawMode":0,"name":"Shaded","section":"Shading Mode"},"sceneLighting":false,"audioPlay":false,"sceneViewState":{"showFog":true,"showMaterialUpdate":false,"showSkybox":false,"showFlares":true,"showImageEffects":true,"showParticleSystems":true},"in2DMode":false,"pivot":{"x":-15.000000953674317,"y":8.054998397827149,"z":-0.00005340576171875},"rotation":{"x":0.3362632989883423,"y":0.16964386403560639,"z":-0.061682432889938357,"w":0.9243451952934265},"size":132.30882263183595,"orthographic":false}