{"cameraMode":{"drawMode":0,"name":"Shaded","section":"Shading Mode"},"sceneLighting":false,"audioPlay":false,"sceneViewState":{"showFog":true,"showMaterialUpdate":false,"showSkybox":false,"showFlares":true,"showImageEffects":true,"showParticleSystems":true},"in2DMode":false,"pivot":{"x":0.0,"y":8.054998397827149,"z":-0.00004863739013671875},"rotation":{"x":-0.008201947435736657,"y":0.9101484417915344,"z":-0.4140009880065918,"w":-0.01803281344473362},"size":37.354793548583987,"orthographic":false}