{"cameraMode":{"drawMode":0,"name":"Shaded","section":"Shading Mode"},"sceneLighting":false,"audioPlay":false,"sceneViewState":{"showFog":true,"showMaterialUpdate":false,"showSkybox":false,"showFlares":true,"showImageEffects":true,"showParticleSystems":true},"in2DMode":false,"pivot":{"x":-4.998826503753662,"y":5.800657272338867,"z":2.518484115600586},"rotation":{"x":0.0024875097442418339,"y":0.9975041151046753,"z":-0.03981388732790947,"w":0.059605155140161517},"size":49.71412658691406,"orthographic":false}