{"cameraMode":{"drawMode":0,"name":"Shaded","section":"Shading Mode"},"sceneLighting":false,"audioPlay":false,"sceneViewState":{"showFog":true,"showMaterialUpdate":false,"showSkybox":false,"showFlares":true,"showImageEffects":true,"showParticleSystems":true},"in2DMode":false,"pivot":{"x":-4.869081020355225,"y":3.7353858947753908,"z":40.14964294433594},"rotation":{"x":-0.19151446223258973,"y":0.36523357033729555,"z":-0.07701742649078369,"w":-0.9078369736671448},"size":78.95297241210938,"orthographic":false}