{"cameraMode":{"drawMode":0,"name":"Shaded","section":"Shading Mode"},"sceneLighting":true,"audioPlay":false,"sceneViewState":{"showFog":true,"showMaterialUpdate":false,"showSkybox":true,"showFlares":true,"showImageEffects":true,"showParticleSystems":true},"in2DMode":false,"pivot":{"x":86.80274963378906,"y":0.6093811392784119,"z":79.0892333984375},"rotation":{"x":-0.2912978231906891,"y":0.5661048889160156,"z":-0.2234269380569458,"w":-0.7381032705307007},"size":112.58930206298828,"orthographic":false}