{"cameraMode":{"drawMode":0,"name":"Shaded","section":"Shading Mode"},"sceneLighting":false,"audioPlay":false,"sceneViewState":{"showFog":true,"showMaterialUpdate":false,"showSkybox":false,"showFlares":true,"showImageEffects":true,"showParticleSystems":true},"in2DMode":false,"pivot":{"x":-1.124619960784912,"y":11.5,"z":16.194103240966798},"rotation":{"x":-0.03758389130234718,"y":0.9588082432746887,"z":-0.23707391321659089,"w":-0.15197962522506715},"size":95.9214096069336,"orthographic":true}