{"cameraMode":{"drawMode":0,"name":"Shaded","section":"Shading Mode"},"sceneLighting":false,"audioPlay":false,"sceneViewState":{"showFog":true,"showMaterialUpdate":false,"showSkybox":false,"showFlares":true,"showImageEffects":true,"showParticleSystems":true},"in2DMode":false,"pivot":{"x":-15.000001907348633,"y":6.233630180358887,"z":10.0},"rotation":{"x":0.6147337555885315,"y":0.023651612922549249,"z":-0.0184483602643013,"w":0.7881653308868408},"size":41.892723083496097,"orthographic":true}