{"cameraMode":{"drawMode":0,"name":"Shaded","section":"Shading Mode"},"sceneLighting":true,"audioPlay":false,"sceneViewState":{"showFog":true,"showMaterialUpdate":false,"showSkybox":true,"showFlares":true,"showImageEffects":true,"showParticleSystems":true},"in2DMode":false,"pivot":{"x":49.14377212524414,"y":-5.773954391479492,"z":29.968292236328126},"rotation":{"x":0.38859623670578005,"y":0.14419761300086976,"z":-0.06171500310301781,"w":0.9079603552818298},"size":55.6384391784668,"orthographic":true}