{"cameraMode":{"drawMode":0,"name":"Shaded","section":"Shading Mode"},"sceneLighting":false,"audioPlay":false,"sceneViewState":{"showFog":true,"showMaterialUpdate":false,"showSkybox":false,"showFlares":true,"showImageEffects":true,"showParticleSystems":true},"in2DMode":false,"pivot":{"x":-9.32679557800293,"y":6.025400161743164,"z":10.123735427856446},"rotation":{"x":0.10955001413822174,"y":0.10565200448036194,"z":-0.01171106193214655,"w":0.988282322883606},"size":49.58818054199219,"orthographic":true}