{"cameraMode":{"drawMode":0,"name":"Shaded","section":"Shading Mode"},"sceneLighting":true,"audioPlay":false,"sceneViewState":{"showFog":true,"showMaterialUpdate":false,"showSkybox":true,"showFlares":true,"showImageEffects":true,"showParticleSystems":true},"in2DMode":false,"pivot":{"x":101.74717712402344,"y":-19.614330291748048,"z":66.37432098388672},"rotation":{"x":-0.09622762352228165,"y":0.8994349837303162,"z":-0.34414517879486086,"w":-0.25188931822776797},"size":97.50450897216797,"orthographic":false}