{"cameraMode":{"drawMode":0,"name":"Shaded","section":"Shading Mode"},"sceneLighting":false,"audioPlay":false,"sceneViewState":{"showFog":true,"showMaterialUpdate":false,"showSkybox":false,"showFlares":true,"showImageEffects":true,"showParticleSystems":true},"in2DMode":false,"pivot":{"x":0.13480234146118165,"y":11.500150680541993,"z":43.849998474121097},"rotation":{"x":-0.27014046907424929,"y":-0.5302601456642151,"z":0.18308432400226594,"w":-0.7826169729232788},"size":134.60128784179688,"orthographic":false}