{"cameraMode":{"drawMode":0,"name":"Shaded","section":"Shading Mode"},"sceneLighting":true,"audioPlay":false,"sceneViewState":{"showFog":true,"showMaterialUpdate":false,"showSkybox":true,"showFlares":true,"showImageEffects":true,"showParticleSystems":true},"in2DMode":false,"pivot":{"x":-24.200000762939454,"y":12.710000038146973,"z":31.399999618530275},"rotation":{"x":0.38859623670578005,"y":0.14419761300086976,"z":-0.06171500310301781,"w":0.9079603552818298},"size":3.520219326019287,"orthographic":true}