{"cameraMode":{"drawMode":0,"name":"Shaded","section":"Shading Mode"},"sceneLighting":false,"audioPlay":false,"sceneViewState":{"showFog":true,"showMaterialUpdate":false,"showSkybox":false,"showFlares":true,"showImageEffects":true,"showParticleSystems":true},"in2DMode":false,"pivot":{"x":-44.10796356201172,"y":11.253686904907227,"z":151.14718627929688},"rotation":{"x":0.34339243173599245,"y":0.28103476762771609,"z":-0.10848541557788849,"w":0.8895685076713562},"size":359.08172607421877,"orthographic":false}